<application>
  <component name="CodeInsightSettings">
    <option name="completionCaseSensitive" value="2" />
    <option name="COMPLETION_CASE_SENSITIVE" value="2" />
    <option name="ADD_UNAMBIGIOUS_IMPORTS_ON_THE_FLY" value="true" />
  </component>
  <component name="CodeVisionSettings">
    <option name="codeVisionGroupToPosition">
      <map>
        <entry key="inheritors" value="Default" />
        <entry key="problems" value="Default" />
        <entry key="references" value="Default" />
        <entry key="vcs.code.vision" value="Default" />
      </map>
    </option>
  </component>
  <component name="DaemonCodeAnalyzerSettings">
    <option name="SHOW_METHOD_SEPARATORS" value="true" />
  </component>
  <component name="EditorSettings">
    <option name="USE_SOFT_WRAPS" value="CONSOLE" />
    <option name="IS_RIGHT_MARGIN_SHOWN" value="false" />
    <option name="IS_WHEEL_FONTCHANGE_ENABLED" value="true" />
    <option name="IS_WHEEL_FONTCHANGE_PERSISTENT" value="true" />
  </component>
  <component name="InlayHintsSettings">
    <option name="lastViewedProviderKeyId" value="" />
  </component>
  <component name="TodoConfiguration">
    <pattern pattern="\btodo\b.*" />
    <pattern pattern="\bfixme\b.*" />
    <pattern pattern="\bfzy TODO\b.*" />
    <filter name="fzy TODO">
      <pattern index="2" />
    </filter>
  </component>
</application>